<?xml version="1.0" encoding="UTF-8"?>
<Configuration>
  <Appenders>
    <File name="file" fileName="Cucumber-Automation.log" append="false">
      <PatternLayout>
        <Pattern>%d %p %c{1.} [%t] %m %ex%n</Pattern>
      </PatternLayout>
    </File>
    <Console name="STDOUT" target="SYSTEM_OUT">
      <PatternLayout pattern="%m%n"/>
    </Console>
  </Appenders>
  <Loggers>
    <Root level="trace">
      <AppenderRef ref="file" level="INFO"/>
      <AppenderRef ref="STDOUT" level="INFO"/>
    </Root>
  </Loggers>
</Configuration>